{"cameraMode":{"drawMode":0,"name":"Shaded","section":"Shading Mode"},"sceneLighting":false,"audioPlay":false,"sceneViewState":{"showFog":true,"showMaterialUpdate":false,"showSkybox":false,"showFlares":true,"showImageEffects":true,"showParticleSystems":true},"in2DMode":false,"pivot":{"x":-23.63339614868164,"y":-11.786531448364258,"z":-14.919581413269043},"rotation":{"x":0.00714429235085845,"y":0.9914180040359497,"z":-0.06135673075914383,"w":0.11532220989465714},"size":8.740267753601075,"orthographic":false}