{"cameraMode":{"drawMode":0,"name":"Shaded","section":"Shading Mode"},"sceneLighting":false,"audioPlay":false,"sceneViewState":{"showFog":true,"showMaterialUpdate":false,"showSkybox":false,"showFlares":true,"showImageEffects":true,"showParticleSystems":true},"in2DMode":false,"pivot":{"x":0.3900865614414215,"y":1.220302700996399,"z":1.0047005414962769},"rotation":{"x":-0.0024177823215723039,"y":0.9970895051956177,"z":0.03560156002640724,"w":0.06770767271518707},"size":1.2310960292816163,"orthographic":false}