{"cameraMode":{"drawMode":0,"name":"Shaded","section":"Shading Mode"},"sceneLighting":true,"audioPlay":false,"sceneViewState":{"showFog":true,"showMaterialUpdate":false,"showSkybox":true,"showFlares":true,"showImageEffects":true,"showParticleSystems":true},"in2DMode":false,"pivot":{"x":13.576996803283692,"y":9.597038269042969,"z":-26.30292320251465},"rotation":{"x":-0.21146036684513093,"y":0.27620357275009158,"z":-0.0624360665678978,"w":-0.9354782700538635},"size":1.9194023609161378,"orthographic":false}